Whether you’re looking for [Noun Attribute], [Noun Attribute] or [Noun Attribute], you’ve come to the right place.  [Manufacturer]’s [Product Category Keyword] [product]s are hands down the [Best Synonym] [product]s [On the Market Synonym].  [Farewell Phrase] [Negative Attribute] [product]s that [Negative Adjective] and make life [Miserable Synonym].  [Manufacturer]’s [Product Descriptor] [product]s are [Past Participle Phrase] and make your kitchen activities [Positive Adjective].  Take advantage of this opportunity while supplies last!     Let us show you why we’re the industry’s [KR Descriptor] restaurant equipment and restaurant supplies [Seller Synonym].  Shop now to get access to our [Synonym for Large] inventory, [Customer Service Attribute] customer support and 30-day price match guarantee.  You will thank yourself for buying from Kitchen Restock - we guarantee it!  
Congratulations, you’ve stumbled upon the [KR Descriptor] collection of [Product Category Keyword] [product]s on the internet! Made with [Noun Attribute], [Noun Attribute] and [Noun Attribute], [Manufacturer]’s [product]s are [Past Participle Phrase].  [Farewell Phrase] to your struggles with [Negative Attribute] [product]s that [Miserable Synonym] - you’ve suffered long enough.  [Manufacturer]’s [Product Descriptor] [product]s, gets the job done the first time around, so you can count on it to fulfill your needs.  Finally, a solution that turns your kitchen into [Kitchen Phrase] for everyone involved!  Don’t forget, when you buy from us, you’re buying from the industry’s [KR Descriptor] restaurant equipment and restaurant supplies [Seller Synonym].  You can count on us to offer these qualities: [Synonym for Large] inventories, [Customer Service Attribute] customer support and low APR financing.
Have you been looking for [product]s that are [Past Participle Phrase]? No need to look any further, everything you need is right here! [Manufacturer’s] [Product Descriptor] [product]s are the [Product Category Keyword] [product]s you need to make your kitchen [Kitchen Phrase] to work in.  These [product]s are built with [Noun Attribute] and [Noun Attribute], making them the perfect addition to your kitchen.  [Farewell Phrase] to those dreaded [Negative Attribute] [product]s that [Negative Adjective], and say hello to [product]s you can rely on to get the job done day in and day out.  Shop now to access our 30-day price match guarantee, [Synonym for Large] inventories and [Customer Service Attribute] customer service, and we’ll show you why we’re the market’s [KR Descriptor] restaurant equipment and supplies [Seller Synonym]. 
If you’ve [Looking Everywhere Synonym] for [product]s, your journey ends here.  [Farewell Phrase] to [Negative Attribute] [product]s that make your life [Miserable Synonym] - don’t let them [Negative Adjective] anymore.  [Manufacturer]’s [Product Descriptor] [product]s are made with [Noun Attribute] and are [Past Participle Phrase], qualities that make them the [Best Synonym] [Product Category Keyword] [product]s [On the Market synonym].  Want to make kitchen prep [Positive Adjective]? Grab [Manufacturer]’s [product]s now! Trust us, you’re making the right decision.  Hot tip: buying from us means buying from the industry’s [KR Descriptor] restaurant equipment and restaurant supplies [Seller Synonym].  We pride ourselves on the following: [Synonym for Large] inventories, [Customer Service Attribute] customer support and our [FASTSHIPPING Descriptor] FASTSHIPPING™ program.  Shop now to take advantage of these perks!
Maybe you’ve [Looking Everywhere Synonym] for [Product Category Keyword] [product]s, or maybe you just started searching.  Either way, [Manufacturer]’s [Product Descriptor] [product]s are exactly what you need! Formed with [Noun Attribute] and [Noun Attribute], these [Product Category Keyword] [product]s are [Past Participle Phrase], [Enabling Synonym] you to transform your kitchen into a [Kitchen Phrase] to work from.  So what are you waiting for? Leave your [Negative Attribute] [product]s that [Negative Adjective] behind and [Enhance Synonym] your productivity with [Manufacturer]’s [product]s today!  Note: when you buy from us, you’re buying from the industry’s [KR Descriptor] restaurant equipment and supplies [Seller Synonym].  Start shopping now to get access to our [FASTSHIPPING Descriptor] FASTSHIPPING™ program, [Synonym for Large] inventories guarantee and [Customer Service Attribute] customer support.
[Manufacturer]’s [product]s are the [Best Synonym] [Product Category Keyword] [product]s [On the Market Synonym].  They’re [Product Descriptor], [Product Descriptor] and [Product Descriptor], but most importantly, they’re [Past Participle Phrase].  That means you no longer have to struggle with [Negative Attribute] [product]s that make life [Miserable Synonym] and [Negative Adjective]  Whether you’re looking for [FASTSHIPPING Descriptor] quality or simply a cost-effective solution, you’ve come to the right place.  [Manufacturer]’s [Product Descriptor] [product]s are the [Best Synonym] [product]s available, and we guarantee it’s the right fit for your needs.  Shopping with us comes with a long list of perks, including getting access to the lowest prices on the internet.  We also take pride in our [Synonym for Large] inventory, [Customer Service Attribute] customer service and 30-day price match guarantee.  If you need restaurant equipment of any kind, buying from Kitchen Restock is a no-brainer!  
Let us be the first to congratulate you for finding the [Best Synonym] [Product Category Keyword] [product]s [On the Market Synonym].  This [Synonym for Large] collection of [Manufacturer]’s [Product Descriptor] [product]s signals the end of your search.  Formed with [Noun Attribute] in mind, these [product]s are [Positive Product Attribute], [Positive Product Attribute] and [Past Participle Phrase].  You no longer have to deal with [Negative Attribute] versions that [Negative Adjective].  [Manufacturer]’s [product]s make your kitchen [Kitchen Phrase] to work in again!Good news: when you shop from us, you can look forward to low APR financing, [Synonym for Large] inventories and our [FASTSHIPPING Descriptor] FASTSHIPPING™ program.  To top it off, we’re proud to offer a professionally trained and [Customer Service Attribute] customer service team.  We’re the industry’s [KR Descriptor] restaurant equipment and supplies [Seller Synonym], and we are looking forward to showing you why!
Make life [Easy Synonym] for you and your team with [Manufacturer]’s [Product Descriptor] [Product]s.  If you’ve [Looking Everywhere Synonym] for the perfect product, look no further.  [Farewell Phrase] to [Negative Attribute] [product]s that make life [Miserable Synonym] and [Negative Adjective], and say hello to [Manufacturer]’s [product]s, made with [Noun Attribute] and [Noun Attribute].  It’s high time you turned your kitchen into [Kitchen Phrase] to operate from, and these [product]s will do just the trick.   When you shop with us, we guarantee access to the following: [Customer Service Attribute] customer service, [Synonym for Large] inventories and our [FASTSHIPPING Descriptor] FASTSHIPPING™ program.  Let us show you why we’re known as the industry’s [KR Descriptor] restaurant equipment and supplies [Seller Synonym].  You won’t regret it!
Buying [Manufacturer]’s [product]s means committing to [Noun Attribute], [Noun Attribute] and [Noun Attribute].  These [Product Descriptor] [product]s are the [Best Synonym] [Product Category Keyword] [product]s [On the Market Synonym], [Past Participle Phrase] and manufactured with a masterful attention to detail.  Gone are the days when your life was made [Miserable Synonym] by [Negative Attribute] [product]s.  It’s time to embrace a new era, one where your kitchen is a [Kitchen Phrase] to work in.  Allow [Manufacturer]’s [Product Descriptor] [product]s to [Enhance Synonym] your life and make work [Easy Synonym]!Shop with us to find why we’re the industry’s [KR Descriptor] retailer of restaurant supplies and equipment.  Aside from our [Synonym for Large] inventories, a few of our irresistible features include our [FASTSHIPPING Descriptor] FASTSHIPPING™ program, 30-day price match guarantees and [Customer Service Attribute] customer service.
With [Manufacturer]’s [Product Descriptor] [product]s at your side, kitchen prep is simply [Positive Adjective].  To be straightforward, these are the [Best Synonym] [Product Category Keyword] [product]s [On the Market Synonym], [Enabling Synonym] you to [Enhance Synonym] your kitchen activities.  They’re [Past Participle Phrase], formed with [Noun Attribute] and [Noun Attribute] by the industry’s leading manufacturers.  [Farewell Phrase] to [Negative Attribute] [product]s that make work [Miserable Synonym] and [Negative Adjective].  [Manufacturer]’s [product]s turns those days into a thing of the past.We’re the industry’s [KR Descriptor] restaurant supplies and equipment retailer and we’re excited to show you why.  Shop now to get access to [Synonym for Large] inventories, as well as our [Customer Service Attribute] customer service and [FASTSHIPPING Descriptor] FASTSHIPPING™ program.
Looking for the perfect [product] to add to your kitchen equipment? Let [Manufacturer]’s [Product Descriptor] [product]s do the job.  We’re going to be honest - these are the [Best Synonym] [Product Category Keyword] [product]s [On the Market Synonym].  That means you don’t have to put up with [Negative Attribute] [product]s any longer.  [Farewell Phrase] to those days when kitchen life was [Miserable Synonym] because your [product]s just didn’t function like you needed them to.  Say hello to [Manufacturer]’s products, which are [Positive Product Attribute], [Positive Product Attribute] and [Past Participle Phrase].  It’s time to convert your kitchen into [Kitchen Phrase] to get things done in!Shop now to take advantage of our [FASTSHIPPING Descriptor] FASTSHIPPING™ program, [Customer Service Attribute] customer service and [Synonym for Large] inventories.  You’ll be so glad you did.
[Enhance Synonym] your productivity in the kitchen with [Manufacturer]’s [Product Descriptor] [product]s.  Formed with [Noun Attribute] and [Noun Attribute], these [Product Category Keyword] [product]s are [Past Participle Phrase].  You can count on them when things get dicey and you need to be sure your equipment will work like you need it to.  Don’t make your life [Miserable Synonym] with [Negative Attribute] [product]s that just can’t get the job done.  Instead, make your kitchen [Kitchen Phrase] you’re proud of with [Manufacturer]’s [product]s.  Simply put, it’s a no-brainer!Shop now to gain access to our [Customer Service Attribute] customer service, [Synonym for Large] inventories and [FASTSHIPPING Descriptor] FASTSHIPPING™ program.  We’re the industry’s [KR Descriptor] restaurant supplies [Seller Synonym] for a reason, and we take pride in showing every customer why.
Tired of struggling with [Negative Attribute] [product]s that just don’t perform the way you need them to? Good news - your struggles end here. [Manufacturer]’s [Product Descriptor] [product]s are the [Best Synonym] [Product Category Keyword] [product]s [On the Market Synonym], which means you’ll never have to settle for less again.  They’re simply a must-have, boasting [Product Descriptor] quality that transforms your kitchen into a [Kitchen Phrase].  The time has come to claim freedom from those [Negative Attribute] [product]s that [Negative Adjective] and make work [Miserable Synonym]! That said, the good news doesn’t end there.  When you buy from Kitchen Restock, you’re buying from the industry’s [KR Descriptor] restaurant supplies [Seller Synonym].  That means you get access to some [Product Descriptor] perks, including our [Synonym for Large] inventories, [Customer Service Attribute] customer service and [FASTSHIPPING Descriptor] FASTSHIPPING™ program.  Ordering from us is a [Positive Adjective] experience - we guarantee it!
The time has come to [Enhance Synonym] your efficiency and make your kitchen [Kitchen Phrase] to operate in.  [Manufacturer]’s [Product Descriptor] [product]s do just that.  Made with [Noun Attribute] and [Noun Attribute], these [Product Category Keyword] [product]s enable you to part ways with your old, [Negative Attribute] [product]s that make working in your kitchen [Miserable Synonym].  They’re [Product Descriptor] [product]s [Past Participle Phrase], [Enabling Synonym] you to make kitchen life [Positive Adjective] and [Easy Synonym].  Don’t wait any longer to say “out with the old, in with the new!”Like taking advantage of the lowest prices available?  Kitchen Restock, the industry’s [KR Descriptor] restaurant supplies [Seller Synonym], has you covered.  We also offer [Customer Service Attribute] customer service, [Synonym for Large] inventories and our [FASTSHIPPING Descriptor] FASTSHIPPING™ program, which makes shopping with us a no-brainer.
[Farewell Phrase] to [Negative Attribute] [product]s that make life in the kitchen [Miserable Synonym] and [Negative Adjective].  Why? Because you can turn your kitchen into [Kitchen Phrase] you take pride in with [Manufacturer]’s [Product Descriptor] [product]s! These [Product Category Keyword] [product]s are designed with [Noun Attribute] and [Noun Attribute] so you can get the most out of your efforts.  If you’ve been [Looking Everywhere Synonym] for the right fit for your needs, we have good news: your search ends here! As part of our commitment to being the industry’s [KR Descriptor] restaurant supplies [Seller Synonym], we offer low APR financing and a 30-day price match guarantee.  Shop now and enjoy our [FASTSHIPPING Descriptor] FASTSHIPPING™ program, [Synonym for Large] inventories and [Customer Service Attribute] customer service!
End your relationship with [Negative Attribute] [product]s that never did anything but make things [Miserable Synonym] by buying [Manufacturer]’s [Product Descriptor] [product]s! These [Product Category Keyword] [product]s are specifically [Past Participle Phrase], leveraging [Noun Attribute] and [Noun Attribute] to transform your kitchen into a [Kitchen Phrase] to work from.  Have you [Looking Everywhere Synonym] for something that will [Enhance Synonym] your productivity? Search no more - the answer is here, and it comes with our [FASTSHIPPING Descriptor] FASTSHIPPING program so you can get your order at top speed! As if our [FASTSHIPPING Descriptor] shipping times weren’t enough, we’re also proud to offer [Customer Service Attribute] customer service, [Synonym for Large] inventories and low APR financing.  Find out why Kitchen Restock is the industry’s [KR Descriptor] restaurant equipment [Seller Synonym] - you’ll be glad you did!
Revolutionize your kitchen with [Manufacturer]’s [Product Descriptor] [product]s.  These [Product Category Keyword] [product]s are the perfect fit for anyone looking to [Enhance Synonym] efficiency and make their kitchen [Kitchen Phrase] to cook and clean.  [Positive Product Attribute], [Positive Product Attribute] and [Positive Product Attribute], they’re [Past Participle Phrase], meaning you can count on them when you need them.  Best of all, you’ll get your order quickly with our [FASTSHIPPING Descriptor] FASTSHIPPING™ program, allowing you to [Enhance Synonym] your kitchen sooner rather than later.Do other retailers make shopping [Miserable Synonym]? We make sure you never experience that again by offering access to our [Synonym for Large] inventories, low APR financing and [Customer Service Attribute] customer service.  Plus, as the industry’s [KR Descriptor] kitchen supplies [On the Market Synonym], we can guarantee you’re getting the lowest prices on the market, backed by our 30-day price match guarantee.
Turn your kitchen into [Kitchen Phrase] you can treasure with [Manufacturer]’s [Product Descriptor] [product]s.  To put it in simple terms, they’re the industry’s [Best Synonym] [Product Category Keyword] [product]s, which means those [Negative Attribute] [product]s that made you [Miserable Synonym] are now a thing of the past.  Composed with [Noun Attribute] and [Noun Attribute], they’re [Past Participle Phrase] so you know you can rely on them when it counts.Not sure if they’re the right fit for you? Call our [Customer Service Descriptor] customer service team and we’ll help you determine exactly what you need.  While you’re at it, also take advantage of our [Synonym for Large] inventories, [FASTSHIPPING Descriptor] FASTSHIPPING™ program and low APR financing.
Optimized for [Noun Attribute], [Noun Attribute] and [Noun Attribute], [Manufacturer]’s [Product Descriptor] [product]s pack more punch than any [Negative Attribute] [product] you’ve ever used.  These [Product Category Keyword] [product]s are specially [Past Participle Phrase], and will enable you to [Enhance Synonym] your productivity so you can make life [Positive Adjective] for you and your team.  [Farewell Phrase] to [Negative Attribute] products that only ever made you [Miserable Synonym] and begin a new era with [Manufacturer]’s [product]s on your side.Tired of shopping at retailers that [Negative Adjective] when they don’t fulfill your needs? At Kitchen Restock, we guarantee the lowest prices [On the Market Synonym], and offer a 30-day price match guarantee in the rare cases you find a better deal.  Combine that with our [Customer Service Descriptor] customer service, [Synonym for Large] inventories and [FASTSHIPPING Descriptor] FASTSHIPPING™ program and it’s easy to see why we’re the world’s [KR Descriptor] restaurant supplies [Seller Synonym].
Why waste time with [Negative Attribute] [product]s that don’t perform and make kitchen prep [Miserable Synonym]? If you’ve had nowhere else to turn to in the past, we have good news! [Manufacturer]’s [Product Descriptor] [Product Category Keyword] [product]s will make your kitchen [Kitchen Phrase] to operate from.  They’re [Positive Product Attribute] and [Past Participle Phrase], making life in the kitchen [Easy Synonym].  You work hard, and you deserve equipment that does too. Call us today and one of our professionally trained and [Customer Service Attribute] customer service reps will walk you through everything you need to know to get the most out of your order.  We also offer [Synonym for Large] inventories, our [FASTSHIPPING Descriptor] FASTSHIPPING™ program and low APR financing to prove we’re the universe’s [KR Descriptor] restaurant equipment [Seller Synonym].
Make [Manufacturer]’s [Product Description] [product]s the latest addition to your kitchen arsenal! These [Product Category Keyword] products are [Noun Attribute] and [Past Participle Phrase], ready to [Enhance Synonym] your productivity and make your kitchen [Kitchen Phrase] to spend time in.  Best of all, when you order from us, you get access to some irresistible perks, like our [Synonym for Large] inventories, [APR Descriptor] low APR financing and [FASTSHIPPING Descriptor] FASTSHIPPING™ program.  Not sure if they’re the right fit for your needs? Call our [Customer Service Attribute] customer service team and our trained professionals will help you identify the best option.  Ordering from Kitchen Restock is [Easy Synonym] because we pride ourselves on being the [KR Descriptor] restaurant supplies [Seller Synonym] [On the Market Synonym].  It’s time to part ways with less capable retailers that only made your shopping experience [Miserable Synonym] and begin a new journey with us!
What if you lived in a world where you never had to worry about [Negative Attribute] [product]s making things [Miserable Synonym] for you and your team? [Manufacturer]’s [Product Descriptor] [product]s make that a reality! Optimized for [Noun Attribute], [Noun Attribute] and [Noun Attribute], you can be certain these [Product Category Keyword] [product]s are [Past Participle Phrase].  Whether you’re a veteran or simply a hobbyist, you can count on them to transform your kitchen into [Kitchen Phrase] to cook and clean! But wait, there’s more.  When you shop at Kitchen Restock, you get [Product Descriptor] perks, including access to our [Customer Service Attribute] customer service, [Synonym for Large] inventories, [FASTSHIPPING Descriptor] FASTSHIPPING™ program and [APR Descriptor] low APR financing.  As the industry’s [KR Descriptor] restaurant equipment [Seller Synonym], we’re here to make life [Easy Synonym]!
By a stroke of fortune, you’ve found the [Best Synonym] collection of [Product Category Keyword] [product]s [On the Market Synonym].  [Manufacturer]’s [Product Descriptor] [product]s are made with all attributes you want in your equipment, including [Noun Attribute], [Noun Attribute] and [Noun Attribute].  They’re [Past Participle Phrase], so with these by your side, you’ll never have to deal with [Negative Attribute] [product]s that [Negative Adjective] again .  At long last, you have access to [Positive Product Attribute] tools that [Enhance Synonym] productivity and turn your kitchen into [Kitchen Phrase] to work from.Shopping at Kitchen Restock means making life [Easy Synonym] for yourself.  Have a question? Just ask our [Customer Service Attribute], professionally-trained customer service team.  Want to get your order quickly? Our [FASTSHIPPING Descriptor] FASTSHIPPING™ program has you covered.  Looking for a certain product? Plunge the depths of our [Synonym for Large] inventories.  At Kitchen Restock, we pride ourselves on being the [KR Descriptor] restaurant equipment [Seller Synonym], and we’re here to serve you.
It’s the dawn of a new era, one where you can bask in the [Noun Attribute] and [Noun Attribute] of [Manufacturer]’s [Product Descriptor] [product]s.  Put away those [Negative Attribute] [product]s that [Negative Adjective] and make your time in the kitchen [Miserable Synonym].  [Manufacturer]’s [Product Category Keyword] [product]s are quite simply the [Best Synonym] [On the Market Synonym], allowing you to [Enhance Synonym] your productivity instantly.  Turn your kitchen into [Kitchen Phrase] for you and your team by buying these [Product Descriptor] [product]s today! Kitchen Restock makes upgrading your kitchen [Easy Synonym] with our [FASTSHIPPING Descriptor] FASTSHIPPING™ program, [Synonym for Large] inventories and [Customer Service Attribute] customer service.  As the world’s [KR Descriptor] restaurant supplies [Seller Synonym], we also guarantee you’re getting the lowest prices online and off. 
If you look for [Noun Attribute], [Noun Attribute] and [Noun Attribute] when you shop for [Product Category Keyword] [product]s, [Manufacturer]’s [Product Descriptor] [product]s has you covered.  This [Product Descriptor] line of equipment is [Past Participle Phrase], which means you can count on them to transform your kitchen into [Kitchen Phrase] for you and your team.  [Farewell Phrase] to [Negative Attribute] [product]s that decreased productivity and made work [Miserable Synonym].  We’ll get your new [Manufacturer]’s [product] to you in the blink of an eye with our [FASTSHIPPING Program] FASTSHIPPING™ program so you never have to deal with them again.Have a question? Just call our [Customer Service Attribute] customer service team to speak to one of our [Customer Service Attribute], professionally trained representatives.  While you’re at it, be sure to check out our [Synonym for Large] inventories and our [APR Descriptor] low APR financing program.  We’re the [KR Descriptor] restaurant supplies [Seller Synonym] and you’ll quickly find out why!
Make work [Easy Synonym] and [Enhance Synonym] your productivity in the kitchen, all with a single [product]! Here’s the bold truth: [Manufacturer]’s [Product Descriptor] [product]s are [Positive Product Attribute], [Positive Product Attribute] and [Past Participle Phrase].  With these [Product Category Keyword] [product]s in your toolkit, there’s no need to waste time on [Negative Attribute] [product]s that make your existence [Miserable Synonym] and [Negative Adjective].  Buy now to spend more time doing what you love while making kitchen life [Easy Synonym].As the industry’s [KR Descriptor] restaurant equipment [Seller Synonym], Kitchen Restock is proud to offer a whole host of perks, including [APR Descriptor] low APR financing, [Synonym for Large] inventories, [Customer Service Attribute] customer service and our [FASTSHIPPING Descriptor] FASTSHIPPING™ program.  You can’t go wrong when you shop with us!
Good news! You are well on your way to becoming a new owner of [Manufacturer]’s [Product Descriptor] [product].  You have every reason to be excited, because these [Product Category Keyword] [product]s are [Past Participle Phrase].  Formed from premium attributes like [Noun Attribute], [Noun Attribute] and [Noun Attribute], they’re equipped to make your kitchen [Kitchen Phrase] to spend time in.  Remember those [Negative Attribute] [product]s that made life [Miserable Synonym] for you and your team? You can count on [Manufacturer]’s [product]s to make them expendable and make kitchen work [Positive Adjective] again. Order from Kitchen Restock now to take advantage of some irresistible benefits, including our [APR Descriptor] low APR financing, [Synonym for Large] inventories and speedy delivery via our [FASTSHIPPING Descriptor] FASTSHIPPING™ program.  Have a question? Give our [Customer Service Attribute] customer service team a call and one of our [Customer Service Attribute], professionally trained staffers will walk you through everything you need to know.
Introducing [Manufacturer]’s [Product Descriptor] [product], a must-have kitchen item that’s [Past Participle Phrase].  Crafted with [Noun Attribute], [Noun Attribute] and [Noun Attribute], these [Product Category Keyword] [product]s enable you to throw away your old, [Negative Attribute] [product]s that made even the smallest tasks [Miserable Synonym].  Whether you’ve been searching everywhere for the [Best Synonym] product or just happened to stumble upon this page, you can’t go wrong with [Manufacturer]’s products.  Buy now to [Enhance Synonym] your kitchen productivity today!Need your order to arrive quickly? Our [FASTSHIPPING Descriptor] FASTSHIPPING™ program can make it happen.  While you’re here, don’t forget to capitalize on our [Customer Service Attribute] customer service, [Synonym for Large] inventories and [APR Descriptor] low APR financing.  We’re proud to be the industry’s [KR Descriptor] restaurant equipment [Seller Synonym] and our mission is to help you turn your kitchen into [Kitchen Phrase] to hang out in!
The day has come to part ways with your old [product]s and upgrade to [Manufacturer]’s [Product Descriptor] [product]s.  These [Product Descriptor] [Product Category Keyword] [product]s are [Positive Product Attribute], [Positive Product Attribute] and [Past Participle Phrase], making them a seamless fit for your kitchen arsenal.  More importantly, they allow you to [Enhance Synonym] productivity, which means making the purchase is a no-brainer.  [Farewell Phrase] to [Negative Attribute] [product]s that [Negative Adjective] and make even the small tasks [Miserable Synonym].  With Manufacturer’s [Product Descriptor] products, life is [Positive Adjective].We can’t wait to show you why Kitchen Restock is the industry’s [KR Descriptor] seller of restaurant supplies and equipment.  Our [Customer Service Attribute] customer service, [Synonym for Large] inventories, [FASTSHIPPING Descriptor] FASTSHIPPING™ program and [APR Descriptor] low APR financing makes us the [Best Synonym] [On the Market Synonym].  Buy from us and you’ll see why!
Do you value [Noun Attribute] when it comes to your [product]s? Prioritize [Noun Attribute], [Noun Attribute] and [Noun Attribute]? [Manufacturer]’s [Product Descriptor] [product]s are exactly what you need.  These [Product Descriptor] [Product Category Keyword] [product]s are [Past Participle Phrase], which means you can count on them to [Enhance Synonym] your productivity when it matters.  It’s time to toss your old, [Negative Attribute] [product]s that made work [Miserable Synonym].  [Manufacturer]’s [product]s help you rediscover your passion by making your kitchen [Kitchen Phrase] to work and play in.Here at Kitchen Restock, the industry’s [KR Descriptor] restaurant supplies and equipment [Seller Synonym], we’re proud to play a role in outfitting your kitchen.  Our [Customer Service Attribute] customer service, [Synonym for Large] inventories, [FASTSHIPPING Descriptor] FASTSHIPPING™ program and [APR Descriptor] low financing APR make it easy to see why we’re the [Best Synonym] [On the Market Synonym].
[Manufacturer]’s [Product Descriptor] [product] is a case study in [Noun Attribute], [Noun Attribute] and [Noun Attribute].  Formed with [Noun Attribute] in mind, these [Product Category Keyword] [product]s are [Past Participle Phrase], allowing you to [Enhance Synonym] your productivity and transform your kitchen into [Kitchen Phrase] for you and your team.  Combine this with the fact that your order arrives quickly with our [FASTSHIPPING Descriptor] FASTSHIPPING™ program and you can be sure you’ve found the [Best Synonym] place [On the Market Synonym] to buy [Product Descriptor] [product]s. Bonus tip: Kitchen Restock is the industry’s [KR Descriptor] restaurant supplies and equipment [Seller Synonym], which means shopping with us gets you access to our [Customer Service Attribute] customer service, [Synonym for Large] inventories and [FASTSHIPPING Descriptor] low APR financing.  [Farewell Phrase] to lower tier stores that made your shopping experience [Miserable Synonym].  You can always count on Kitchen Restock to provide quality.
This is a wake up call: it’s time to throw away your [Negative Attribute] [product]s.  With [Manufacturer]’s [Product Descriptor] [product]s, there’s no need to let [Negative Attribute] equipment make your life [Miserable Synonym] and [Negative Adjective].  These [Product Category Keyword] [product]s are [Past Participle Phrase], formed with the utmost [Noun Attribute] and [Noun Attribute].  You can count on them to [Enhance Synonym] your productivity and make life [Positive Adjective] and [Positive Adjective].  Today marks a new day for your kitchen, one marked by [Noun Attribute] and [Noun Attribute]! But wait, there’s more good news.  We’ll help you get this new day started quickly with our [FASTSHIPPING Descriptor] FASTSHIPPING™ program.  Plus, when you shop from Kitchen Restock, the industry’s [KR Descriptor] restaurant supplies and equipment [Seller Synonym], you can be sure you’re getting the lowest prices online and off (and an [FASTSHIPPING Descriptor] 30-day price match guarantee program to back it up), as well as access to [Customer Service Descriptor] customer service, [Synonym for Large] inventories and [FASTSHIPPING Descriptor] low APR financing.
Is your life [Miserable Synonym] because you spend all day trying to get your [Negative Attributes] [Product Category Keyword] [product]s to work like you need them to? If so, we have great news.  Introducing [Manufacturer]’s [Product Descriptor] [product]s, the solution to all your woes.  They’re [Positive Product Descriptor], [Positive Product Descriptor] and [Past Participle Phrase], which has two major benefits:Allows you to [Enhance Synonym] your productivity - a must-have characteristic Turns your kitchen into [Kitchen Phrase] you’ll treasure for years to come Plus, when you buy from Kitchen Restock, you’ll get your order fast thanks to our [FASTSHIPPING Descriptor] FASTSHIPPING™ program.  In addition, you can expect to get [Customer Service Attribute] customer service, as well as access to [FASTSHIPPING Descriptor] low APR financing and our [Synonym for Large] inventory.  We can’t wait to show you why we’re the industry’s [KR Descriptor] restaurant supplies [Seller Synonym]!
Looking for the lowest prices on [Manufacturer]’s [Product Descriptor] [product]s? You’ve come to the right place.  At Kitchen Restock, we know you’re looking for [Product Category Keyword] [product]s formed with [Noun Attribute] and [Past Participle Phrase], rather than [Negative Attribute] [product]s that [Negative Adjective].  We know you’re here to make life [Positive Adjective] rather than needlessly difficult.  And we know your priority is to [Enhance Synonym] productivity.  As the industry’s [KR Descriptor] restaurant supplies and equipment [Seller Synonym], our goal is to provide the [Best Synonym] service [On the Market Synonym].  To accomplish this, we proudly present [Customer Service Attribute] customer service, [Synonym for Large] inventories, [FASTSHIPPING Descriptor] FASTSHIPPING™ service and low APR financing.  Make your kitchen [Kitchen Phrase] for yourself by shopping with us, and we promise to deliver [Manufacturer]’s [Product Descriptor] [product]s to you quickly and effortlessly!  
Transform your kitchen into [Kitchen Phrase] with [Manufacturer]’s [Product Descriptor] [product]s.  Honed with [Noun Attribute], [Noun Attribute] and [Noun Attribute], these [Product Descriptor] [Product Category Keyword] [product]s are [Past Participle Phrase].  You can rely on them to [Enhance Synonym] your productivity in the kitchen, as well as make your old, [Negative Attribute] [product]s irrelevant (they never did anything besides make life [Miserable Synonym] anyway).  Plus, it gets better.  When you order from us, the industry’s [KR Descriptor] kitchen supplies [Seller Synonym], you get to enjoy the following benefits:[Customer Service Attribute] customer service [FASTSHIPPING Descriptor] FASTSHIPPING™ program [Synonym for Large] inventories Low APR financing The lowest prices [On the Market Synonym] Don’t delay any longer.  Buy [Manufacturer]’s [Product Descriptor] [product]s today!
Your life before buying [Manufacturer]’s [Product Descriptor] [product]: [Miserable Synonym].  Your life after buying [Manufacturer]’s [Product Descriptor] [product]: [Positive Adjective] and [Easy Synonym].  Formed with [Noun Attribute], [Noun Attribute] and [Noun Attribute] in mind, these [Product Descriptor] [Product Category Keyword] [product]s are specially [Past Participle Phrase].  They’re here for one purpose: to help you make your kitchen [Kitchen Phrase] for all who use it.  Buy now from Kitchen Restock and we’ll make sure you’re getting the lowest prices online and off!Still wondering if [Manufacturer]’s [Product Descriptor] [product]s are the right fit for you? Call our [Customer Service Attribute] customer service team to speak to one of our [Customer Service Attribute] trained professionals.  While you’re at it, be sure to also take advantage of our [Synonym for Large] inventories, [FASTSHIPPING Descriptor] FASTSHIPPING™ program and [FASTSHIPPING Descriptor] low APR financing.
If you value productivity, [Manufacturer]’s [Product Descriptor] [product]s are simply a must-have.  Why? Because they’re the [Best Synonym] [On the Market Synonym].  When you think of these [Product Descriptor] [Product Category Keyword] [product]s, you think of [Noun Attribute], [Noun Attribute] and [Noun Attribute].  Plus, they give you the go-ahead to throw away your old, [Negative Attribute] [product]s, which - let’s be real - make your life [Miserable Synonym] and [Negative Adjective].  The good news is that those days are over, because [Manufacturer]’s [product]s provide the elements you need to make your kitchen [Kitchen Phrase] for everyone involved. When you buy from Kitchen Restock, the industry’s [KR Descriptor] restaurant equipment [Seller Synonym], you get access to the following [Product Descriptor] benefits:[Synonym for Large] inventories,The lowest prices on the market,[Customer Service Attribute] customer service,Low APR financing,[FASTSHIPPING Descriptor] FASTSHIPPING™ program Let us show you why shopping with us is a no-brainer!
Don’t wait for a special occasion - give yourself or a loved one the gift of [Manufacturer]’s [Product Descriptor] [product]s today! Prepared from the essences of [Noun Attribute], [Noun Attribute] and [Noun Attribute], these [Product Descriptor] [Product Category Keyword] [product]s transform your kitchen into [Kitchen Phrase].  Simply put, they’re superior to your old, [Negative Attribute] [product]s that [Negative Adjective] (you deserve better than equipment that makes life [Miserable Synonym]).  Don’t delay any longer - buy [Manufacturer]’s [Product Descriptor] [product]s to [Enhance Synonym] your productivity today!Need your order fast? You can count on our [FASTSHIPPING Descriptor] FASTSHIPPING™ program to get the job done.  In addition, we also offer access to our [Synonym for Large] inventories, [Customer Service Attribute] customer service and [FASTSHIPPING Descriptor] low APR financing, all to show you why we’re the best restaurant supplies [Seller Synonym] [On the Market Synonym].
Enhance productivity.  Celebrate [Noun Attribute].  Make kitchen life [Positive Adjective].  These are all attributes that come with [Manufacturer]’s [Product Descriptor] [Product Category Keyword] [product]s, a product specifically [Past Participle Phrase].  [Farewell Phrase] to [Negative Attribute] [product]s that make the hours you spend in your kitchen [Miserable Synonym] and [Negative Adjective].  You can count on [Manufacturer]’s [Product Descriptor] [product]s to revolutionize and rejuvenate your kitchen activities when it matters.To sweeten the pot even further, you can be sure you’re getting the lowest prices online and off when you shop at Kitchen Restock - our [FASTSHIPPING Descriptor] 30-day price match guarantee ensures it.  Pair this with our [Synonym for Large] inventories, [Customer Service Attribute] customer service and [FASTSHIPPING Descriptor] FASTSHIPPING™ program and it’s easy to see why we’re the [KR Descriptor] kitchen supplies [Seller Synonym] [On the Market Synonym].
In a world full of [Negative Attribute] and [Negative Attribute] [product]s that [Negative Adjective], choose to stand out with [Manufacturer]’s [Product Descriptor] [product]s.  These [Product Descriptor] [Product Category Keyword] [product]s are [Positive Product Attribute], [Positive Product Attribute] and [Positive Product Attribute], and they simply make kitchen prep [Positive Adjective].  You can count on them to make your kitchen [Kitchen Phrase] to spend time in again.  Enhance your productivity with these [Product Descriptor] [product]s that are [Past Participle Phrase].Want to make sure you’re getting the lowest prices online and off? Kitchen Restock has you covered with our 30-day price match guarantee.  Wondering if this [product] is the right fit for you? Kitchen Restock has you covered with our [Customer Service Attribute], professionally trained customer service team.  Want more perks? Be sure to check out our [Synonym for Large] inventories, [FASTSHIPPING Descriptor] FASTSHIPPING™ program and [FASTSHIPPING Descriptor] low APR financing.  Shop with us today to find out why we’re the [KR Descriptor] restaurant [Seller Synonym] [On the Market Synonym]!
Built from the essences of [Noun Attribute], [Noun Attribute] and [Noun Attribute], [Manufacturer]’s [Product Descriptor] [Product Category Keyword] [product]s are amazing in every way.  [Farewell Phrase] to [Negative Attribute] [product]s that make your efforts [Miserable Synonym] and [Negative Adjective].  [Manufacturer]’s [product]s are designed to [Enhance Synonym] your efficiency, [Enabling Synonym] you to convert your kitchen into [Kitchen Phrase] you love to work in.  At long last, a [product] that makes life [Easy Synonym]!Buy now from Kitchen Restock and reap a whole host of benefits, including [FASTSHIPPING Descriptor] low APR financing, [Customer Service Attribute] customer service, [Synonym for Large] inventories and our FASTSHIPPING™ guarantee.  We invite you to come find out why we’re the [KR Descriptor] restaurant equipment and [Seller Synonym] [On the Market Synonym]!
You’re just several clicks away from owning [Manufacturer]’s [Product Descriptor] [Product Category Keyword] [product], a must-have [product].  Tip: take advantage of our [FASTSHIPPING Descriptor] FASTSHIPPING™ program to get your order quickly.  That way you can minimize the time you allow your old, [Negative Attribute] [product]s to make your life [Miserable Synonym], and maximize the time you can use [Manufacturer]’s [Product Descriptor] [product]s to turn your kitchen into [Kitchen Phrase].  These [Product Descriptor] [product]s are honed with [Noun Attribute], [Noun Attribute] and [Noun Attribute], and are quite simply [Past Participle Phrase]. Still on the fence about whether these [Product Descriptor] [product]s are for you? Call our [Customer Service Attribute] customer service team and a trained professional will walk you through everything you need to know.  While you’re at it, check out our [FASTSHIPPING Descriptor] low APR financing and [Synonym for Large] inventories to understand why we’re the [KR Descriptor] restaurant equipment [Seller Synonym] [On the Market Synonym].
Want to [Enhance Synonym] your productivity in the kitchen? Whatever you do, don’t pass up [Manufacturer]’s [Product Descriptor] [Product Category Keyword] [product]s.  Maximized for [Noun Attribute], [Noun Attribute] and [Noun Attribute], they will be a staple in your kitchen for years to come.  Count on them to transform your kitchen into [Kitchen Phrase] and make life [Easy Synonym].  Plus, order now from Kitchen Restock and we’ll make sure you’re getting the lowest prices online and off, secured with our [FASTSHIPPING Descriptor] 30-day price match guarantee.  Don’t spend another minute letting your old, [Negative Attribute] [product]s make your days [Miserable Synonym]!While you’re here, also be sure to check out our [Customer Service Attribute] customer service team, [FASTSHIPPING Descriptor] FASTSHIPPING™ program and [Synonym for Large] inventories.  Kitchen Restock is [Past Participle Phrase], which is why we’re the industry’s [KR Descriptor] restaurant supplies and equipment [Seller Synonym]!
Whether you’re a seasoned veteran or simply a hobbyist, you need [Manufacturer]’s [Product Descriptor] [Product Category Keyword] [product]s.  Enhanced for [Noun Attribute], [Noun Attribute] and [Noun Attribute], there’s no doubt they belong in your kitchen.  Use them to make your work hours [Positive Adjective] and turn your kitchen into [Kitchen Phrase].  They’re also a great excuse to get rid of those old, [Negative Attribute] [product]s that made even the simplest tasks [Miserable Synonym].  You deserve high quality equipment, and with [Manufacturer]’s [Product Descriptor] [product]s, you’re getting exactly that.Hot tip: our [Customer Service Attribute] customer team is professionally trained and will work with you on any and all of your questions.  We also offer benefits [Past Participle Phrase], including [Synonym for Large] inventories, [FASTSHIPPING Descriptor] FASTSHIPPING™ and [APR Descriptor] low APR financing.  As the [KR Descriptor] restaurant supplies and equipment [Seller Synonym] [On the Market Synonym], we can’t wait to serve you!
As someone who pours your heart and soul into your kitchen, you deserve the best from your gear.  That’s why we’re proud to carry [Manufacturer]’s [Product Descriptor] [Product Category Keyword] [product]s, the [Best Synonym] [product]s [On the Market Synonym].  In simple terms, they’re [Past Participle Phrase], which means they allow you to get rid of your old, [Negative Attribute] [product]s that [Negative Adjective].  If you value [Noun Attribute], [Noun Attribute] and [Noun Attribute], buy [Manufacturer]’s [Product Descriptor] [product]s now!But wait - it gets better.  Buying from us means you’re getting the lowest prices online and off, hands down (secured by our [FASTSHIPPING Descriptor] 30-day price match guarantee).  You also get a variety of other perks at your disposal, including our [Customer Service Descriptor] customer service, [Synonym for Large] inventories and [FASTSHIPPING Descriptor] FASTSHIPPING™ plan.  Welcome to the [KR Descriptor] restaurant supplies [Seller Synonym] [On the Market Synonym].  We can’t wait to help you make your kitchen [Kitchen Phrase] you love working in.
[Manufacturer]’s [Product Descriptor] [Product Category Keyword] [product]s are a revolution in [Noun Attribute], [Noun Attribute] and [Noun Attribute].  They’re a perfect fit for any kitchen and are [Past Participle Phrase], so you can count on them to transform your kitchen into [Kitchen Phrase] to work from.  Don’t let your old, [Negative Attribute] [product]s [Negative Adjective].  Buy [Manufacturer]’s [product] today to take advantage of the [Best Synonym] line of equipment [On the Market Synonym]. Speaking of best in class, Kitchen Restock is without a doubt the industry’s [KR Descriptor] restaurant supplies and equipment [Seller Synonym].  We offer some truly irresistible benefits, including our [FASTSHIPPING Descriptor] FASTSHIPPING™ plan, [Synonym for Large] inventories and [APR Descriptor] low APR financing.  Have a question about your order? No worries, our [Customer Service Attribute] customer service team will walk you through every step, including all the technical details.
Talk about perfection.  [Manufacturer]’s [Product Descriptor] [Product Category Keyword] [product]s are a must-have for anyone who takes kitchen life seriously.  They’re [Positive Product Descriptor], [Positive Product Descriptor] and [Positive Product Descriptor], which allows them to [Enhance Synonym] your productivity in the kitchen.  Don’t allow [Negative Attribute] [product]s to drain your energy and make your life [Miserable Synonym] for another minute.  Choose [Product Descriptor] [product]s that are [Past Participle Phrase].  Choose [Manufacturer]’s [product]s.Ordering from us is [Easy Synonym].  Our [FASTSHIPPING Descriptor] FASTSHIPPING™ program ensures you get your order quickly, and our [Customer Service Attribute] professionally trained customer service team walks you through every last detail.  Combine this with our [APR Descriptor] APR program and [Synonym for Large] inventories and it’s easy to see why Kitchen Restock is the [KR Descriptor] restaurant equipment [Seller Synonym] [On the Market Synonym].  Let us help you turn your kitchen into [Kitchen Phrase] you’ll treasure for years to come!
Kitchen Restock proudly presents [Manufacturer]’s [Product Descriptor] [Product Category Keyword] [product]s, a picture perfect example of [Noun Attribute], [Noun Attribute] and [Noun Attribute].  Honed with [Noun Attribute] and [Past Participle Phrase], its number one goal is to [Enhance Synonym] your productivity.  Still working with old, [Negative Attribute] products that [Negative Adjective]? Go ahead and throw them away.  [Manufacturer]’s [Product Descriptor] [product]s will morph your kitchen into [Kitchen Phrase] for you and your team.Ready to order? You’re in good hands with Kitchen Restock, the industry’s [KR Descriptor] restaurant supplies and equipment [Seller Synonym].  We’ve got you covered with our [Customer Service Attribute] customer service team, [Synonym for Large] inventories and [FASTSHIPPING Descriptor] FASTSHIPPING™ program, which all come together to make ordering [Easy Synonym].
[Manufacturer]’s [Product Descriptor] [Product Category Keyword] [product]s allow you to take your productivity to the next level.  Shaped from the essences of [Noun Attribute], [Noun Attribute] and [Noun Attribute], they’re simply [Past Participle Phrase].  Give them a chance to turn your kitchen into [Kitchen Phrase] to work in and you’ll never look back. Does your current restaurant supplies seller [Negative Adjective]? You’ll never feel that way when you shop at Kitchen Restock, the [KR Descriptor] restaurant supplies [Seller Synonym] [On the Market Synonym].  We offer nothing but the best for our customers, including [Customer Service Attribute] customer service, [Synonym for Large] inventories and [FASTSHIPPING Descriptor] FASTSHIPPING™.  [Farewell Phrase] to low quality stores that made life [Miserable Synonym] and allow us to make your life [Positive Adjective]!
[Manufacturer]’s [Product Descriptor] [Product Category Keyword] [product]s give you access to [Noun Attribute], [Noun Attribute] and [Noun Attribute], available at your fingertips.  Honed with [Noun Attribute] and [Past Participle Phrase], they have one goal in mind: to make your kitchen activities [Positive Adjective] and [Easy Synonym].  [Farewell Phrase] to your old, [Negative Attribute] [product]s that [Negative Adjective] - you won’t be needing them anymore.  [Manufacturer]’s [Product Descriptor] [product]s are here to transform your kitchen into [Kitchen Phrase] for everyone who uses it.Make your life [Easy Synonym] by shopping with us, the [KR Descriptor] restaurant supplies and equipment [Seller Synonym] [On the Market Synonym].  We have everything you’d want from a perfect store, including [Customer Service Attribute] customer service, [Synonym for Large] inventories, [APR Descriptor] low APR financing and [FASTSHIPPING Descriptor] FASTSHIPPING™ speeds.  You’ll leave here satisfied - we guarantee it!
